fid,commune,prefecture,region,pop_2022,agents_total,fin_total,fin_bancaire,superficie_km2,hab_par_agent,agents_pour_1000hab,hab_par_point_fin,mm_seul
communes.A01001,Agoè-Nyivé 1,Agoè-Nyivé,Maritime,317255.0,446,36,29,42.2,711.3340807174887,1.405809207104695,8812.638888888889,False
communes.A01002,Agoè-Nyivé 2,Agoè-Nyivé,Maritime,128164.0,37,6,6,25.3,3463.891891891892,0.28869261259011886,21360.666666666668,False
communes.A01003,Agoè-Nyivé 3,Agoè-Nyivé,Maritime,47554.0,263,8,6,5.8,180.81368821292776,5.530554737771796,5944.25,False
communes.A01004,Agoè-Nyivé 4,Agoè-Nyivé,Maritime,154431.0,258,5,5,34.2,598.5697674418604,1.6706490277211181,30886.2,False
communes.A01005,Agoè-Nyivé 5,Agoè-Nyivé,Maritime,125097.0,97,5,5,30.7,1289.659793814433,0.7753982909262412,25019.4,False
communes.A01006,Agoè-Nyivé 6,Agoè-Nyivé,Maritime,110194.0,297,8,8,54.2,371.023569023569,2.6952465651487376,13774.25,False
communes.A06022,Vo 1,Vo,Maritime,88865.0,211,8,8,187.0,421.1611374407583,2.374388116806392,11108.125,False
communes.A06023,Vo 2,Vo,Maritime,24396.0,52,1,1,95.7,469.15384615384613,2.131496966715855,24396.0,False
communes.A02007,Avé 1,Avé,Maritime,75044.0,79,10,10,806.7,949.9240506329114,1.0527157400991418,7504.4,False
communes.A06024,Vo 3,Vo,Maritime,64651.0,100,2,2,239.5,646.51,1.5467664846638103,32325.5,False
communes.A02008,Avé 2,Avé,Maritime,36170.0,49,4,4,209.4,738.1632653061224,1.3547138512579484,9042.5,False
communes.A03009,Bas-Mono 1,Bas-Mono,Maritime,55382.0,155,3,2,248.8,357.3032258064516,2.7987432739879385,18460.666666666668,False
communes.A03010,Bas-Mono 2,Bas-Mono,Maritime,39478.0,28,1,1,163.6,1409.9285714285713,0.7092557880338416,39478.0,False
communes.A06025,Vo 4,Vo,Maritime,46499.0,113,6,6,221.1,411.49557522123894,2.4301597883825456,7749.833333333333,False
communes.A04014,Golfe 4,Golfe,Maritime,155842.0,809,34,23,13.5,192.63535228677378,5.191155144312829,4583.588235294118,False
communes.A04015,Golfe 5,Golfe,Maritime,169993.0,1062,60,45,19.3,160.06873822975518,6.247316065955657,2833.2166666666667,False
communes.A04016,Golfe 6,Golfe,Maritime,181561.0,482,23,22,37.1,376.68257261410787,2.654755151161318,7893.95652173913,False
communes.A04017,Golfe 7,Golfe,Maritime,257813.0,777,14,13,48.7,331.8056628056628,3.0138123368488015,18415.214285714286,False
communes.A07026,Yoto 1,Yoto,Maritime,77353.0,82,10,10,467.8,943.329268292683,1.06007523948651,7735.3,False
communes.A05018,Lacs 1,Lacs,Maritime,52994.0,172,10,10,46.7,308.1046511627907,3.2456504509944524,5299.4,False
communes.A05019,Lacs 2,Lacs,Maritime,42855.0,40,2,2,152.4,1071.375,0.93338000233345,21427.5,False
communes.A05021,Lacs 4,Lacs,Maritime,37222.0,86,3,3,106.1,432.8139534883721,2.310461554994358,12407.333333333334,False
communes.A07027,Yoto 2,Yoto,Maritime,43412.0,51,6,6,353.2,851.2156862745098,1.174790380539943,7235.333333333333,False
communes.A07028,Yoto 3,Yoto,Maritime,54086.0,27,3,3,436.6,2003.1851851851852,0.4992049698628111,18028.666666666668,False
communes.A08029,Zio 1,Zio,Maritime,307292.0,508,23,19,810.2,604.9055118110236,1.653150749124611,13360.521739130434,False
communes.A08030,Zio 2,Zio,Maritime,96193.0,81,5,5,206.2,1187.567901234568,0.8420571143430395,19238.6,False
communes.A08031,Zio 3,Zio,Maritime,67843.0,142,5,5,688.2,477.7676056338028,2.0930678183452973,13568.6,False
communes.A08032,Zio 4,Zio,Maritime,28704.0,48,3,3,417.8,598.0,1.6722408026755853,9568.0,False
communes.B01033,Agou 1,Agou,Plateaux,58328.0,174,6,6,473.9,335.2183908045977,2.9831298861610205,9721.333333333334,False
communes.B01034,Agou 2,Agou,Plateaux,27465.0,50,0,0,467.5,549.3,1.8204988166757692,,True
communes.B02035,Akébou 1,Akébou,Plateaux,44196.0,63,2,2,526.6,701.5238095238095,1.4254683681781157,22098.0,False
communes.B02036,Akébou 2,Akébou,Plateaux,29634.0,24,0,0,667.9,1234.75,0.8098805426199636,,True
communes.B07048,Haho 2,Haho,Plateaux,82507.0,54,2,2,855.1,1527.9074074074074,0.6544899220672186,41253.5,False
communes.B03037,Amou 1,Amou,Plateaux,19746.0,43,1,1,223.4,459.2093023255814,2.17765623417401,19746.0,False
communes.B03038,Amou 2,Amou,Plateaux,40016.0,31,4,4,442.9,1290.8387096774193,0.7746901239504199,10004.0,False
communes.B09054,Kpélé 1,Kpélé,Plateaux,53275.0,184,5,5,588.3,289.5380434782609,3.45377756921633,10655.0,False
communes.B10057,Moyen-Mono 2,Moyen-Mono,Plateaux,43708.0,42,3,3,192.1,1040.6666666666667,0.9609224855861628,14569.333333333334,False
communes.B03039,Amou 3,Amou,Plateaux,54410.0,101,1,1,1004.4,538.7128712871287,1.8562764197757764,54410.0,False
communes.B04040,Anié 1,Anié,Plateaux,100745.0,237,9,9,649.9,425.084388185654,2.35247406819197,11193.888888888889,False
communes.B04041,Anié 2,Anié,Plateaux,79413.0,48,1,1,1321.4,1654.4375,0.6044350421215671,79413.0,False
communes.B05042,Danyi 1,Danyi,Plateaux,,99,2,2,186.0,,,,False
communes.B09055,Kpélé 2,Kpélé,Plateaux,27664.0,71,3,3,340.4,389.63380281690144,2.566512434933488,9221.333333333334,False
communes.C05079,Tchaoudjo 4,Tchaoudjo,Centrale,20279.0,33,0,0,479.1,614.5151515151515,1.6272991764879925,,True
communes.B05043,Danyi 2,Danyi,Plateaux,,43,1,1,240.8,,,,False
communes.B06044,Est-Mono 1,Est-Mono,Plateaux,34652.0,69,1,1,823.4,502.2028985507246,1.991227057601293,34652.0,False
communes.D02086,Bassar 4,Bassar,Kara,16657.0,29,0,0,207.4,574.3793103448276,1.741009785675692,,True
communes.B06045,Est-Mono 2,Est-Mono,Plateaux,101866.0,99,1,1,1510.1,1028.949494949495,0.9718649991164864,101866.0,False
communes.B06046,Est-Mono 3,Est-Mono,Plateaux,27942.0,41,1,1,191.1,681.5121951219512,1.4673251735738315,27942.0,False
communes.B07047,Haho 1,Haho,Plateaux,119929.0,187,16,15,899.0,641.3315508021391,1.5592558930700666,7495.5625,False
communes.B07050,Haho 4,Haho,Plateaux,43965.0,94,4,4,734.9,467.71276595744683,2.138064369384738,10991.25,False
communes.B08051,Kloto 1,Kloto,Plateaux,118387.0,404,10,10,255.3,293.03712871287127,3.412536849485163,11838.7,False
communes.B10056,Moyen-Mono 1,Moyen-Mono,Plateaux,46797.0,39,3,3,420.8,1199.923076923077,0.833386755561254,15599.0,False
communes.B08052,Kloto 2,Kloto,Plateaux,16166.0,63,1,1,239.5,256.6031746031746,3.8970679203266116,16166.0,False
communes.B08053,Kloto 3,Kloto,Plateaux,11433.0,36,2,2,89.6,317.5833333333333,3.148779847808974,5716.5,False
communes.B11058,Ogou 1,Ogou,Plateaux,116301.0,271,17,12,414.8,429.1549815498155,2.3301605317237173,6841.235294117647,False
communes.B11059,Ogou 2,Ogou,Plateaux,56282.0,44,2,2,533.2,1279.1363636363637,0.7817774777015742,28141.0,False
communes.B12064,Wawa 3,Wawa,Plateaux,29699.0,56,0,0,421.3,530.3392857142857,1.8855853732448904,,True
communes.B11060,Ogou 3,Ogou,Plateaux,51836.0,85,3,3,525.7,609.8352941176471,1.6397870206034417,17278.666666666668,False
communes.B11061,Ogou 4,Ogou,Plateaux,29048.0,21,2,2,363.7,1383.2380952380952,0.7229413384742496,14524.0,False
communes.B12062,Wawa 1,Wawa,Plateaux,51187.0,172,4,4,428.3,297.5988372093023,3.3602281829370737,12796.75,False
communes.B12063,Wawa 2,Wawa,Plateaux,20414.0,16,0,0,363.1,1275.875,0.7837758401097287,,True
communes.C01065,Blitta 1,Blitta,Centrale,71539.0,75,8,8,808.3,953.8533333333334,1.0483792057479138,8942.375,False
communes.C01066,Blitta 2,Blitta,Centrale,46515.0,9,2,2,783.4,5168.333333333333,0.19348597226701064,23257.5,False
communes.C01067,Blitta 3,Blitta,Centrale,45218.0,6,0,0,1596.4,7536.333333333333,0.13269052147374938,,True
communes.C02068,Mô 1,Mô,Centrale,30522.0,25,1,1,1091.3,1220.88,0.8190813183932901,30522.0,False
communes.C02069,Mô 2,Mô,Centrale,21926.0,7,1,1,381.3,3132.285714285714,0.3192556781902764,21926.0,False
communes.C03070,Sotouboua 1,Sotouboua,Centrale,46907.0,151,11,11,837.4,310.6423841059603,3.219135736670433,4264.272727272727,False
communes.C03071,Sotouboua 2,Sotouboua,Centrale,64187.0,107,4,4,1541.7,599.8785046728972,1.6670042220387307,16046.75,False
communes.C03072,Sotouboua 3,Sotouboua,Centrale,27770.0,97,3,3,656.7,286.2886597938144,3.492978033849478,9256.666666666666,False
communes.C04073,Tchamba 1,Tchamba,Centrale,82451.0,52,6,6,830.5,1585.5961538461538,0.6306776145832069,13741.833333333334,False
communes.C05077,Tchaoudjo 2,Tchaoudjo,Centrale,24891.0,45,0,0,378.0,553.1333333333333,1.8078823671206459,,True
communes.C04074,Tchamba 2,Tchamba,Centrale,64930.0,85,1,1,1365.9,763.8823529411765,1.3091021099645772,64930.0,False
communes.C05076,Tchaoudjo 1,Tchaoudjo,Centrale,177706.0,1268,20,20,1057.3,140.14668769716087,7.1353809100424295,8885.3,False
communes.C04075,Tchamba 3,Tchamba,Centrale,53204.0,68,5,5,970.1,782.4117647058823,1.2780993910232314,10640.8,False
communes.C05078,Tchaoudjo 3,Tchaoudjo,Centrale,17484.0,65,0,0,627.4,268.9846153846154,3.7176847403340196,,True
communes.D01080,Assoli 1,Assoli,Kara,40417.0,169,7,7,407.0,239.15384615384616,4.18140881312319,5773.857142857143,False
communes.D01081,Assoli 2,Assoli,Kara,9933.0,31,0,0,154.4,320.4193548387097,3.1209100976542836,,True
communes.D01082,Assoli 3,Assoli,Kara,16044.0,28,0,0,292.7,573.0,1.7452006980802792,,True
communes.D03087,Binah 1,Binah,Kara,44039.0,85,2,2,385.6,518.1058823529412,1.9301074048002906,22019.5,False
communes.D02083,Bassar 1,Bassar,Kara,65059.0,273,9,8,1539.6,238.3113553113553,4.196191149571927,7228.777777777777,False
communes.D02084,Bassar 2,Bassar,Kara,36476.0,54,2,2,994.2,675.4814814814815,1.4804254852505756,18238.0,False
communes.D02085,Bassar 3,Bassar,Kara,33873.0,80,3,3,551.9,423.4125,2.3617630561213945,11291.0,False
communes.D03088,Binah 2,Binah,Kara,40160.0,119,7,7,166.1,337.47899159663865,2.963147410358566,5737.142857142857,False
communes.D04090,Dankpen 2,Dankpen,Kara,32716.0,31,0,0,542.7,1055.3548387096773,0.9475486000733586,,True
communes.D04091,Dankpen 3,Dankpen,Kara,76652.0,37,0,0,1352.7,2071.675675675676,0.4827010384595314,,True
communes.D04089,Dankpen 1,Dankpen,Kara,76294.0,122,7,7,726.5,625.360655737705,1.5990772537814244,10899.142857142857,False
communes.D05092,Doufelgou 1,Doufelgou,Kara,44783.0,114,6,6,536.6,392.8333333333333,2.545608824777259,7463.833333333333,False
communes.D05093,Doufelgou 3,Doufelgou,Kara,28262.0,40,3,3,468.6,706.55,1.4153280022645247,9420.666666666666,False
communes.D05094,Doufelgou 2,Doufelgou,Kara,11722.0,30,1,1,221.3,390.73333333333335,2.559290223511346,11722.0,False
communes.D06094,Kéran 1,Kéran,Kara,44399.0,91,7,7,895.2,487.9010989010989,2.0495957116151264,6342.714285714285,False
communes.E01102,Cinkassé 2,Cinkassé,Savanes,52967.0,75,2,2,166.5,706.2266666666667,1.4159759850472935,26483.5,False
communes.D06095,Kéran 2,Kéran,Kara,53305.0,38,0,0,617.2,1402.7631578947369,0.7128787168183097,,True
communes.D06096,Kéran 3,Kéran,Kara,30983.0,10,0,0,290.6,3098.3,0.32275764128715745,,True
communes.D07097,Kozah 1,Kozah,Kara,193625.0,1366,26,19,242.6,141.7459736456808,7.054874112330536,7447.115384615385,False
communes.D07098,Kozah 2,Kozah,Kara,45704.0,127,4,4,272.0,359.87401574803147,2.77875021879923,11426.0,False
communes.E02103,Kpendjal 1,Kpendjal,Savanes,47903.0,34,0,0,720.8,1408.9117647058824,0.7097676554704299,,True
communes.E02104,Kpendjal 2,Kpendjal,Savanes,40462.0,5,0,0,391.0,8092.4,0.12357273491176907,,True
communes.E03105,Kpendjal-Ouest 1,Kpendjal-Ouest,Savanes,56459.0,73,1,1,352.8,773.4109589041096,1.2929736623036185,56459.0,False
communes.D07099,Kozah 3,Kozah,Kara,23755.0,34,0,0,200.3,698.6764705882352,1.4312776257629973,,True
communes.D07100,Kozah 4,Kozah,Kara,20654.0,35,0,0,366.4,590.1142857142858,1.6945870049385108,,True
communes.E01101,Cinkassé 1,Cinkassé,Savanes,75992.0,432,16,16,91.0,175.90740740740742,5.6848089272555,4749.5,False
communes.E03106,Kpendjal-Ouest 2,Kpendjal-Ouest,Savanes,66871.0,56,2,2,300.4,1194.125,0.837433267036533,33435.5,False
communes.E04109,Oti 1,Oti,Savanes,54479.0,208,7,7,561.1,261.9182692307692,3.8179849116173203,7782.714285714285,False
communes.E04110,Oti 2,Oti,Savanes,70369.0,160,4,4,1126.6,439.80625,2.2737284883968796,17592.25,False
communes.E07116,Tône 4,Tône,Savanes,66577.0,174,0,0,323.0,382.6264367816092,2.613515177914295,,True
communes.A05020,Lacs 3,Lacs,Maritime,108176.0,443,6,6,79.5,244.18961625282168,4.09517822807277,18029.333333333332,False
communes.E05107,Oti-Sud 1,Oti-Sud,Savanes,106052.0,120,4,4,1534.2,883.7666666666667,1.1315203862256251,26513.0,False
communes.B07049,Haho 3,Haho,Plateaux,58695.0,118,0,0,540.2,497.41525423728814,2.0103927080671267,,True
communes.A04013,Golfe 3,Golfe,Maritime,52769.0,281,35,22,22.8,187.7900355871886,5.325096173889973,1507.6857142857143,False
communes.A04012,Golfe 2,Golfe,Maritime,136153.0,454,9,9,17.7,299.8964757709251,3.334483999618077,15128.111111111111,False
communes.E05108,Oti-Sud 2,Oti-Sud,Savanes,44324.0,39,1,1,1073.7,1136.5128205128206,0.8798844869596607,44324.0,False
communes.E06111,Tandjoaré 1,Tandjoaré,Savanes,74692.0,66,4,4,407.5,1131.6969696969697,0.8836287688105822,18673.0,False
communes.E06112,Tandjoaré 2,Tandjoaré,Savanes,64175.0,93,4,4,554.7,690.0537634408602,1.4491624464355277,16043.75,False
communes.E07113,Tône 1,Tône,Savanes,211743.0,944,15,15,529.1,224.3040254237288,4.458234746839328,14116.2,False
communes.E07114,Tône 2,Tône,Savanes,50179.0,76,0,0,217.7,660.25,1.5145778114350623,,True
communes.E07115,Tône 3,Tône,Savanes,60276.0,83,1,1,243.3,726.2168674698795,1.3769991373017454,60276.0,False
communes.A04011,Golfe 1,Golfe,Maritime,351550.0,1256,57,50,59.9,279.89649681528664,3.572749253306784,6167.543859649123,False
